lat,lon,leng,color
42.288179,-8.003734,es,blue
41.42594,2.211092,ca,aquamarine
41.510091,0.363567,ca,aquamarine
40.312071,-3.889005,es,blue
42.82373,-8.632309,es,blue
41.083523,1.162287,pt,black
36.737433,-2.543758,es,blue
38.160348,-0.656433,es,blue
37.344369,-6.119638,es,blue
39.278381,-0.432545,it,green
36.698108,-2.664889,es,blue
37.313613,-6.02843,es,blue
40.475009,-3.94958,en,yellow
36.712301,-4.239283,es,blue
41.317048,2.052477,es,blue
43.44168,-5.820977,es,blue
42.088493,-8.698412,es,blue
38.71623,0.102697,en,yellow
40.597435,-3.99758,es,blue
41.539494,1.793656,en,yellow
40.065346,-4.080567,pt,black
37.135903,-3.699796,es,blue
42.385192,-6.712964,es,blue
38.625448,-0.006632,es,blue
40.324045,-3.879085,es,blue
39.287795,2.983786,ca,aquamarine
41.415036,1.999829,es,blue
42.031845,-4.671948,es,blue
28.409769,-16.343595,en,yellow
41.939177,2.782826,ca,aquamarine
42.697827,-7.54317,es,blue
41.484267,2.307157,en,yellow
37.664255,-4.99701,es,blue
43.213654,-2.98601,en,yellow
39.049792,-2.107844,es,blue
37.94106,-0.761144,pt,black
41.102447,0.754474,ca,aquamarine
43.300475,-4.081947,es,blue
36.725945,-4.003136,en,yellow
39.412851,-0.425944,es,blue
41.160192,-1.812216,es,blue
36.722933,-2.71828,es,blue
36.635585,-4.587928,en,yellow
38.657614,-0.742257,ca,aquamarine
41.380883,2.172791,ca,aquamarine
42.307773,1.868991,ja,red
38.501123,-0.185969,es,blue
40.410488,-3.57964,es,blue
41.201848,1.669598,ca,aquamarine
37.533889,-1.225551,es,blue
41.555116,2.149776,ca,aquamarine
36.702279,-6.396672,es,blue
40.522788,0.438033,es,blue
28.1884,-14.157671,es,blue
42.397477,1.849841,ca,aquamarine
37.208494,-5.005758,es,blue
42.882574,-7.735264,es,blue
40.391967,-3.863271,es,blue
42.027978,-0.517874,es,blue
38.890853,1.383803,es,blue
43.381808,-3.459696,es,blue
41.442847,2.074488,ca,aquamarine
36.386766,-5.219826,es,blue
36.441775,-6.317663,es,blue
42.742838,-8.63284,es,blue
41.540873,2.230428,es,blue
43.434462,-3.889051,es,blue
38.003237,-3.762145,es,blue
41.451835,-1.174093,pt,black
39.582073,2.66733,es,blue
36.459841,-5.014957,it,green
41.347441,2.035787,ca,aquamarine
42.057055,2.466644,en,yellow
42.764559,-2.853491,es,blue
36.571241,-4.596977,es,blue
36.050219,-5.550794,es,blue
41.616702,2.330211,ca,aquamarine
41.506472,2.046492,pt,black
43.386058,-3.862031,es,blue
28.420066,-14.0903,pt,black
37.943287,-1.274545,es,blue
42.410137,-2.437896,es,blue
39.12507,2.563782,en,yellow
40.385434,-3.038634,es,blue
28.029081,-17.236242,ca,aquamarine
41.532654,1.872591,ca,aquamarine
39.860803,-5.674081,es,blue
40.582092,-3.811724,es,blue
37.715968,-1.385233,es,blue
41.461496,1.97866,es,blue
42.789017,-1.69462,ca,aquamarine
41.408955,2.206149,it,green
40.377576,-3.952603,es,blue
40.460715,-3.313641,es,blue
42.354129,-7.04303,es,blue
40.202103,-3.80752,es,blue
40.626656,0.532787,ca,aquamarine
42.415339,-0.701694,es,blue
42.284782,-3.794911,ca,aquamarine
39.180292,-7.248558,es,blue
41.21859,1.755959,en,yellow
28.197784,-16.685869,es,blue
41.519115,2.415516,en,yellow
37.394832,-6.145154,es,blue
40.300132,-4.006625,es,blue
40.660245,-3.556395,es,blue
43.304056,-8.38465,es,blue
36.842142,-6.53856,es,blue
39.441975,-0.550953,es,blue
38.152141,-0.670186,es,blue
39.417249,-0.403492,pt,black
38.726889,-6.656873,es,blue
39.885549,-3.637899,fr,magenta
39.172319,-0.467928,es,blue
38.454662,-7.272041,es,blue
40.616412,-4.030551,it,green
37.272856,-6.210707,es,blue
41.57985,2.185469,es,blue
36.525759,-6.323065,es,blue
42.458398,-8.833948,es,blue
38.383292,-0.434385,es,blue
39.235546,-0.506026,es,blue
40.707102,0.572445,ca,aquamarine
41.291503,-4.59698,es,blue
39.925626,-0.311644,es,blue
28.562714,-14.043788,en,yellow
38.430576,-0.874528,es,blue
37.1481,-6.06368,es,blue
40.572157,-3.331196,es,blue
38.840838,-4.091163,es,blue
40.082448,-5.267623,es,blue
37.377743,-4.087685,es,blue
39.641788,-0.51693,it,green
37.170618,-7.444984,en,yellow
41.601024,2.096388,ca,aquamarine
43.312705,-1.939228,es,blue
40.223747,-4.087774,en,yellow
38.379454,-0.59483,es,blue
40.441901,-3.945024,es,blue
38.922511,-5.81777,es,blue
43.291738,-3.31859,es,blue
39.690368,-4.037943,es,blue
36.16818,-5.439296,pt,black
42.293208,-8.948795,es,blue
43.286603,-2.946643,es,blue
43.246715,-8.27078,es,blue
43.217639,-2.086689,es,blue
39.545416,-0.520256,ca,aquamarine
37.010692,-4.327729,ca,aquamarine
36.613659,-5.539217,es,blue
38.672083,-2.181299,es,blue
40.83481,-4.336763,it,green
39.810555,-4.179635,es,blue
27.901587,-15.541028,es,blue
36.516968,-6.306111,es,blue
41.688129,1.769524,es,blue
39.443169,-0.50769,es,blue
36.680341,-2.90715,es,blue
39.516803,2.82836,es,blue
37.474713,-7.006908,es,blue
41.450907,-5.156843,pt,black
40.292663,-3.818156,fr,magenta
40.132099,-4.266841,en,yellow
38.848539,-3.55934,es,blue
42.510477,-1.347695,es,blue
40.629956,-4.173949,es,blue
39.871051,-6.303409,es,blue
42.95011,-4.402927,es,blue
28.438233,-16.409811,es,blue
40.349852,-0.264134,ca,aquamarine
43.23803,-3.048774,es,blue
41.582512,2.557713,ca,aquamarine
43.291202,-3.80918,es,blue
36.893254,-4.827523,es,blue
38.926356,-6.069166,ca,aquamarine
41.43933,1.946107,es,blue
39.364495,-0.450158,it,green
41.474273,2.26745,es,blue
42.829807,-1.652681,es,blue
39.604378,2.836646,en,yellow
41.276561,2.057436,it,green
41.340576,2.049579,ca,aquamarine
43.408025,-5.968925,es,blue
39.466954,-0.433458,pt,black
36.599508,-4.561139,es,blue
38.931535,-0.644645,es,blue
37.667587,-1.671621,es,blue
37.181866,-6.086299,es,blue
40.468677,-3.566056,es,blue
41.657633,2.252992,en,yellow
40.041204,-5.687669,it,green
43.152239,-2.090154,ja,red
42.320807,-1.969907,es,blue
39.546806,-0.521199,es,blue
40.868495,-5.780922,es,blue
42.688132,-4.431082,es,blue
38.494099,-0.774262,ca,aquamarine
38.001554,-1.273449,en,yellow
41.521232,2.232756,es,blue
41.650294,2.758153,es,blue
38.395697,-0.705859,ca,aquamarine
39.447544,-0.448934,es,blue
28.917743,-13.704493,pt,black
36.519213,-4.636376,es,blue
40.898972,-5.011357,es,blue
41.704912,2.867042,en,yellow
40.333932,-4.238491,es,blue
28.22555,-16.850939,ca,aquamarine
42.187601,-7.613349,es,blue
37.965058,-4.278457,es,blue
36.635375,-5.031156,es,blue
42.361795,1.899076,es,blue
36.154028,-5.370787,es,blue
36.719187,-3.790746,fr,magenta
41.243108,-4.403774,it,green
42.429049,-2.542232,es,blue
37.493072,-6.861951,it,green
41.910218,-2.500943,es,blue
39.085887,-0.584655,es,blue
36.486301,-4.776411,es,blue
41.528627,1.535573,ca,aquamarine
39.566023,-0.379299,es,blue
36.916092,-6.049769,es,blue
41.370712,2.022034,pt,black
39.057383,-2.3815,es,blue
42.40178,-8.760386,es,blue
28.490113,-16.370657,es,blue
38.567004,-0.173232,es,blue
38.032505,-0.773839,en,yellow
40.287603,-3.585036,es,blue
41.365949,2.074665,en,yellow
41.064747,0.532953,ca,aquamarine
42.23706,-2.030003,es,blue
43.321302,-5.829711,en,yellow
43.619227,-8.075856,es,blue
38.063374,-0.829075,es,blue
39.502083,-0.372342,es,blue
37.421007,-2.013439,es,blue
39.510434,-2.759548,es,blue
38.666776,-4.973051,es,blue
43.091823,-7.961651,es,blue
41.131575,1.385674,pt,black
39.364717,-0.450599,es,blue
42.677692,-0.313297,pt,black
41.959748,-1.838201,es,blue
36.757783,-3.932771,es,blue
39.703167,3.019569,ca,aquamarine
39.73486,2.661431,es,blue
39.06897,-0.639927,es,blue
41.568647,2.202211,es,blue
41.175873,1.242952,es,blue
40.93769,-4.05106,es,blue
40.998498,-3.40755,es,blue
39.526269,-0.426615,en,yellow
42.384044,-8.88112,es,blue
39.264474,3.027687,ca,aquamarine
41.409894,1.751153,es,blue
27.928529,-15.529121,es,blue
37.296437,-6.905559,es,blue
41.867423,-8.888108,pt,black
38.872145,-3.296633,es,blue
41.739529,2.750212,ca,aquamarine
42.012316,2.234998,ca,aquamarine
28.006109,-15.535034,es,blue
39.741716,-0.656011,it,green
37.187695,-1.917758,es,blue
40.196978,-3.505923,es,blue
40.903093,-5.791662,es,blue
37.843897,-1.523848,es,blue
41.572103,1.577208,es,blue
40.59138,-3.863572,es,blue
41.284682,1.99875,es,blue
41.613987,2.251359,en,yellow
41.428268,0.394582,es,blue
41.485064,2.344001,es,blue
38.749698,-0.737775,es,blue
42.817072,-5.22113,es,blue
36.108531,-5.707336,en,yellow
40.4582,-4.500269,es,blue
42.584072,-5.749047,es,blue
36.24254,-6.162294,es,blue
36.387184,-6.242412,es,blue
28.291553,-16.624937,en,yellow
39.386959,-0.617084,es,blue
41.223291,1.099255,es,blue
43.385096,-5.724547,es,blue
27.998054,-16.73738,en,yellow
40.337403,-5.839389,ca,aquamarine
41.88166,2.166631,es,blue
43.407091,-5.591744,es,blue
28.043783,-14.510212,es,blue
40.308504,-4.461411,ca,aquamarine
41.433463,2.187074,ca,aquamarine
28.614473,-17.833374,es,blue
37.211458,-2.939944,es,blue
42.718048,-7.888057,es,blue
38.686453,-1.523848,es,blue
37.055583,-3.570698,es,blue
40.405628,-4.544576,es,blue
41.919496,-4.654915,es,blue
37.885594,-3.780799,es,blue
39.352337,2.721873,ca,aquamarine
40.174796,-3.821434,es,blue
39.690698,-0.407948,es,blue
39.903874,-4.014618,es,blue
42.203614,3.049995,es,blue
40.132373,-3.717586,es,blue
36.693395,-3.567057,es,blue
43.285883,-1.852136,en,yellow
36.843545,-6.085853,es,blue
37.187197,-5.944403,es,blue
39.407052,-0.734102,es,blue
41.398066,-4.745913,es,blue
37.166904,-1.846906,en,yellow
40.075996,0.014135,es,blue
39.95499,-4.508398,es,blue
37.316641,-6.132786,es,blue
37.045187,-2.009923,es,blue
43.553966,-5.948078,es,blue
42.956301,-6.800112,es,blue
41.352909,2.132062,ca,aquamarine
37.826301,-7.129105,es,blue
43.291804,-3.464836,es,blue
40.140203,-0.818752,es,blue
40.405507,-4.341226,en,yellow
43.330029,-4.01313,es,blue
37.720508,-0.912448,es,blue
40.610291,-3.564179,es,blue
40.199654,-3.884356,es,blue
41.6068,-4.828267,es,blue
42.288828,3.129184,ca,aquamarine
37.135278,-3.778347,es,blue
40.131973,-3.800849,es,blue
41.373736,2.052496,es,blue
41.422033,1.994199,es,blue
39.816657,2.921061,ca,aquamarine
37.293004,-6.257346,es,blue
41.167554,1.172267,es,blue
39.597837,-0.353236,es,blue
36.906437,-5.00372,es,blue
39.470842,-0.793653,es,blue
42.335489,1.427161,es,blue
37.590219,-4.984093,es,blue
39.532058,-1.734359,es,blue
39.884537,-3.881487,es,blue
41.169133,0.745581,ca,aquamarine
37.164008,-7.080313,en,yellow
43.269569,-3.925815,en,yellow
42.83512,-1.597025,es,blue
42.425867,-0.933469,es,blue
40.954173,-4.118211,ca,aquamarine
40.874715,-5.254434,es,blue
41.941392,2.754603,en,yellow
40.56242,-4.199214,es,blue
39.486427,-0.518483,es,blue
43.163499,-8.690291,pt,black
39.83088,4.155984,es,blue
41.42015,2.157762,es,blue
43.206786,-1.932175,es,blue
40.507812,-4.044296,es,blue
42.918226,-5.109976,es,blue
39.56586,3.242623,es,blue
27.734563,-15.674226,es,blue
41.016968,-5.675418,en,yellow
37.218368,-3.648433,es,blue
37.574702,-0.929042,es,blue
41.979435,-7.682782,es,blue
41.102209,1.057584,en,yellow
42.532577,-7.9148,pt,black
37.088748,-4.107002,es,blue
37.328859,-4.849723,es,blue
43.315327,-3.068973,en,yellow
36.719335,-3.63797,es,blue
39.999035,-4.916942,es,blue
40.442602,0.352207,es,blue
42.869212,-2.2354,pt,black
36.610389,-6.421242,en,yellow
38.344421,-1.094535,es,blue
38.595644,-0.733605,pt,black
37.422915,-4.950289,es,blue
41.580465,2.025576,es,blue
42.981818,-3.450668,en,yellow
37.524983,-4.389914,es,blue
41.453894,1.890182,es,blue
43.182469,-6.203672,it,green
42.072312,1.798688,es,blue
41.652383,2.694014,it,green
37.198796,-3.661245,en,yellow
40.728381,-3.831823,es,blue
41.324222,1.663612,es,blue
39.838717,-0.444007,en,yellow
28.838393,-13.882165,en,yellow
40.256265,-3.948477,es,blue
43.453301,-8.347343,pt,black
43.300614,-3.575119,es,blue
42.843382,-8.301252,es,blue
28.985086,-13.807639,en,yellow
37.616611,-6.140487,es,blue
42.701113,-0.461163,it,green
41.80286,1.734052,ca,aquamarine
43.225577,-8.469976,es,blue
36.000113,-7.522702,ca,aquamarine
38.098477,-0.858967,pt,black
37.905829,-4.283754,ca,aquamarine
39.613851,-0.379378,es,blue
42.594587,-9.065921,es,blue
39.65527,2.811714,en,yellow
38.160583,-1.40361,it,green
40.377795,-3.50927,es,blue
42.968989,-2.376905,es,blue
41.389723,2.005268,es,blue
40.407866,-4.04362,es,blue
40.710514,-4.042204,es,blue
38.085372,-1.326015,es,blue
43.266478,-2.440334,it,green
42.083714,-8.370835,es,blue
43.305045,-3.038428,pt,black
43.105853,-2.306026,es,blue
42.947056,-2.480631,es,blue
28.952313,-13.588182,es,blue
38.673628,0.078637,es,blue
43.168844,-2.884513,en,yellow
38.626031,-6.517718,es,blue
38.724378,-6.120087,es,blue
37.887501,-1.036797,es,blue
43.147047,-2.69738,es,blue
41.281555,1.313207,ca,aquamarine
41.633876,-2.066433,es,blue
39.670954,2.878058,pt,black
39.776759,-3.606131,es,blue
36.611816,-4.640553,es,blue
42.566595,-8.725559,es,blue
40.741841,0.608563,fr,magenta
36.644499,-5.946079,es,blue
37.254076,-6.200975,es,blue
39.917642,-2.802323,es,blue
37.395755,-6.011086,it,green
41.422625,-4.631209,es,blue
39.885407,-5.061047,es,blue
42.230121,-8.677943,es,blue
36.896833,-6.054418,it,green
43.64158,-7.387949,es,blue
43.408561,-3.9237,es,blue
36.310158,-5.613059,pt,black
43.372475,-3.465321,en,yellow
42.246013,-8.873868,es,blue
37.819619,-3.434931,es,blue
42.463033,-9.091553,en,yellow
43.172885,-2.007101,ca,aquamarine
38.912748,1.382581,ca,aquamarine
41.278146,1.847022,ca,aquamarine
42.25104,3.236755,ca,aquamarine
40.248107,-3.519844,pt,black
41.220202,1.333683,es,blue
37.135957,-6.940466,es,blue
43.136891,-8.359816,es,blue
41.990223,-1.413032,es,blue
41.773056,-1.488372,es,blue
37.133532,-3.632414,it,green
39.056239,-6.319528,es,blue
36.719095,-2.300484,es,blue
42.23228,3.131339,ca,aquamarine
38.080967,-5.808825,es,blue
39.928719,3.957391,es,blue
40.08937,-3.913754,es,blue
41.984378,2.243176,pt,black
41.786156,2.175235,it,green
28.103267,-16.68777,en,yellow
37.253433,-7.078277,pt,black
41.564021,2.256497,ca,aquamarine
28.017336,-15.621937,es,blue
37.78826,-2.587203,es,blue
40.564414,-3.277725,es,blue
42.814637,-1.626887,es,blue
39.045011,-0.565996,ca,aquamarine
41.517498,-0.982094,es,blue
43.375167,-3.924195,it,green
41.775335,2.028175,es,blue
39.970827,-3.977949,es,blue
28.337525,-16.445293,es,blue
41.548229,-4.773909,es,blue
43.161944,-5.631975,es,blue
40.803014,-1.927513,es,blue
38.91533,-3.806127,es,blue
41.052145,0.985493,es,blue
43.204438,-5.184748,es,blue
42.716441,-7.999801,es,blue
40.015498,-0.003213,en,yellow
36.45566,-6.257913,pt,black
28.964165,-13.651907,es,blue
42.05257,-8.557367,it,green
41.607439,2.276032,ca,aquamarine
43.001505,-3.177097,it,green
40.485651,-4.054407,es,blue
36.596707,-4.739979,es,blue
40.975575,-0.376243,pt,black
38.687781,-0.507839,ca,aquamarine
39.908162,-0.153693,es,blue
40.636621,-4.364497,es,blue
41.513812,1.674366,ca,aquamarine
39.447843,-0.554336,es,blue
42.262284,-8.763158,es,blue
39.422598,-0.92047,es,blue
43.087194,-2.582477,it,green
39.826404,-2.355137,es,blue
36.862956,-2.520949,es,blue
41.568845,-0.95628,es,blue
27.74903,-15.799294,es,blue
39.321706,-1.769862,es,blue
37.235599,-5.579821,es,blue
41.390497,-5.763345,pt,black
38.384924,-0.454832,es,blue
36.549848,-5.869558,pt,black
42.331663,2.086553,ca,aquamarine
37.218863,-3.595783,es,blue
39.633732,3.382158,es,blue
37.181703,-7.342935,es,blue
39.323301,-0.646165,es,blue
41.650294,1.724053,ca,aquamarine
36.469242,-5.139667,en,yellow
42.085299,2.689143,ca,aquamarine
28.429221,-16.430397,es,blue
41.192727,1.360618,ca,aquamarine
42.840365,-2.406639,es,blue
39.438542,3.122824,es,blue
41.775487,1.36044,ca,aquamarine
43.319954,-3.037149,es,blue
37.505981,-4.227576,es,blue
43.308021,-8.312042,pt,black
43.46319,-7.197229,it,green
39.37599,3.059746,en,yellow
37.979643,-4.688557,es,blue
37.373814,-1.705327,es,blue
39.056256,-0.504955,it,green
42.438192,-6.207261,en,yellow
40.437589,-4.218042,es,blue
40.260174,-4.808114,es,blue
42.463033,-9.299516,es,blue
40.413959,-3.660927,es,blue
41.975479,2.034525,en,yellow
37.051325,-5.071801,es,blue
42.264992,-8.132433,es,blue
38.747221,-0.044131,en,yellow
37.843897,-1.094535,es,blue
36.738146,-3.140433,es,blue
43.502766,-5.863156,es,blue
37.696826,-5.585366,es,blue
43.22727,-4.075636,it,green
38.734407,-1.297461,es,blue
43.0358,-2.24899,es,blue
28.942512,-13.658387,es,blue
37.080994,-5.274768,es,blue
28.023283,-15.568686,es,blue
41.349828,1.869197,pt,black
40.021136,-3.874191,es,blue
39.321835,-6.305249,en,yellow
43.046748,-7.7257,es,blue
42.293567,-0.507045,es,blue
42.17887,1.679793,ca,aquamarine
28.020014,-15.709633,es,blue
37.368169,-5.323277,es,blue
40.055263,0.084066,pt,black
41.638885,2.365388,ca,aquamarine
37.377038,-6.063092,es,blue
41.757417,2.848834,ca,aquamarine
42.471933,-3.450668,es,blue
27.805868,-15.553822,es,blue
38.992309,1.389614,en,yellow
43.164386,-2.499565,es,blue
40.78058,-4.167062,es,blue
40.638917,-3.680577,es,blue
41.730647,2.538758,ca,aquamarine
41.648937,2.462409,ca,aquamarine
27.953391,-15.598471,es,blue
40.649098,-3.968681,ca,aquamarine
41.443816,-4.830955,es,blue
39.537782,-0.776077,en,yellow
28.250783,-14.058235,es,blue
43.406412,-5.193245,ca,aquamarine
41.61503,2.62727,ca,aquamarine
39.527698,-0.388532,es,blue
41.559099,-4.695351,es,blue
41.449732,2.152295,ca,aquamarine
43.417486,-8.31654,pt,black
37.038433,-1.915959,en,yellow
28.082205,-15.562471,es,blue
39.258056,-5.40688,es,blue
38.496705,-1.02659,es,blue
43.553214,-7.962343,es,blue
38.64048,1.380099,ca,aquamarine
27.842027,-15.541244,es,blue
41.5282,1.9191,es,blue
38.749545,-6.189492,es,blue
42.40696,-7.605247,es,blue
37.539228,-4.427094,es,blue
39.086703,-2.945522,es,blue
43.228988,-5.773452,es,blue
37.156168,-3.928069,es,blue
39.891698,-0.174983,es,blue
36.789861,-6.738059,fr,magenta
41.471162,2.246668,ca,aquamarine
42.164042,-0.836628,es,blue
42.150116,2.446113,es,blue
42.697604,-0.541049,es,blue
43.353808,-3.814331,es,blue
41.543399,0.346548,es,blue
37.203332,-3.509669,en,yellow
41.808086,-7.474616,es,blue
42.594215,-3.055554,es,blue
42.532935,-0.432319,en,yellow
39.562201,-0.579537,en,yellow
40.413595,-0.21506,it,green
37.449259,-3.013446,es,blue
38.619842,-0.156754,es,blue
38.162341,-1.59548,es,blue
43.220328,-5.669425,es,blue
41.818446,0.250899,es,blue
39.063693,-1.071383,es,blue
37.376583,-6.064569,es,blue
40.984516,-5.702429,es,blue
41.264464,1.915288,ca,aquamarine
40.062178,-3.919323,es,blue
41.257517,-3.453292,es,blue
42.737811,-9.11548,pt,black
42.269915,3.109312,es,blue
38.571826,-4.262514,es,blue
28.390962,-16.569425,es,blue
37.004714,-5.589287,es,blue
38.361473,-1.005079,es,blue
41.900611,-8.886955,es,blue
41.734922,-5.471969,es,blue
38.670096,-3.549261,it,green
38.001364,-2.343879,es,blue
41.774062,1.904127,pt,black
39.799689,3.035653,en,yellow
37.940486,-7.336735,es,blue
40.71822,0.073341,es,blue
37.264387,-2.336956,es,blue
28.671054,-17.844141,es,blue
40.403764,-3.653878,es,blue
43.323163,-2.710106,es,blue
37.262817,-6.385734,it,green
38.482334,-0.332115,es,blue
38.51142,-2.48037,es,blue
37.843897,-0.920318,es,blue
42.109466,-8.588864,it,green
38.031068,-3.868273,pt,black
37.245731,-4.683622,es,blue
41.87475,3.117222,es,blue
41.363975,1.694506,en,yellow
39.676102,3.070208,es,blue
41.691162,-1.040901,es,blue
38.437111,-0.807267,en,yellow
40.344084,-4.347763,es,blue
43.313761,-3.011256,es,blue
39.103298,-0.30894,es,blue
40.406575,-3.538103,es,blue
39.751407,-0.388823,es,blue
40.522788,0.159509,es,blue
37.868701,-2.299375,es,blue
41.844532,2.429092,ca,aquamarine
40.108305,-3.667357,it,green
41.76023,2.975167,en,yellow
40.417952,-3.408823,es,blue
41.676163,-2.72925,es,blue
39.203036,-0.601713,es,blue
37.486079,-6.029591,es,blue
41.96765,1.484881,ca,aquamarine
42.604016,-8.95866,es,blue
36.204315,-6.078692,es,blue
37.517376,-1.475708,en,yellow
41.559463,2.495255,pt,black
37.073013,-5.997171,es,blue
28.232872,-16.51039,pt,black
40.260293,-3.348663,es,blue
40.357925,-4.754957,es,blue
43.215197,-2.914063,ca,aquamarine
40.268153,-4.295226,en,yellow
38.798955,-0.157402,ca,aquamarine
42.149032,-8.395522,es,blue
42.744473,-1.634415,es,blue
42.857478,-2.237268,en,yellow
36.822756,-4.863215,es,blue
38.029455,-0.699225,es,blue
42.612181,-0.577977,es,blue
39.838999,-2.855706,es,blue
42.395821,-5.979922,es,blue
41.524029,2.18804,it,green
36.731072,-4.902538,es,blue
42.454125,0.739286,ca,aquamarine
41.902022,2.746881,es,blue
40.185737,-1.806304,es,blue
42.247691,2.1182,ca,aquamarine
43.26836,-2.284643,es,blue
41.712312,2.044094,ca,aquamarine
40.493253,-3.512437,es,blue
28.272893,-16.924344,es,blue
37.31308,-6.119485,es,blue
37.489882,-6.186591,es,blue
42.953014,-2.055177,es,blue
37.408951,-5.973795,es,blue
43.098817,-3.024279,en,yellow
37.208463,-3.575815,es,blue
43.29728,-3.014794,es,blue
38.926381,-0.181726,en,yellow
38.173993,-6.989205,es,blue
42.578793,-6.903936,es,blue
38.867018,-6.645503,es,blue
36.723559,-4.775344,es,blue
41.436397,1.921351,ca,aquamarine
41.054562,1.10061,es,blue
40.209689,-4.026659,es,blue
42.957448,-8.915602,es,blue
36.701439,-3.419915,es,blue
38.100485,-3.115447,es,blue
40.530715,-3.297113,es,blue
37.739885,-5.104699,es,blue
38.477411,-6.187549,es,blue
39.550755,-0.38499,ca,aquamarine
41.193582,-0.532067,es,blue
41.629314,1.372964,es,blue
38.766664,-0.935177,ca,aquamarine
39.770573,-0.181668,pt,black
36.921181,-2.665073,es,blue
27.63775,-18.160695,en,yellow
43.240681,-8.37705,fr,magenta
42.866155,-3.52184,es,blue
40.619939,-2.988379,es,blue
41.505637,2.109915,es,blue
42.863887,-1.757014,es,blue
36.914187,-2.737685,es,blue
42.697814,-1.724087,es,blue
40.606322,-5.737141,es,blue
38.170736,-1.466812,es,blue
37.964799,-3.31813,es,blue
40.441208,-4.128082,es,blue
41.622021,-4.345533,es,blue
41.495012,1.854238,pt,black
28.154696,-16.839893,es,blue
41.567806,1.076853,es,blue
42.238997,-1.857774,ca,aquamarine
42.116112,2.493934,ca,aquamarine
39.141404,-3.473332,en,yellow
40.54772,0.329221,ca,aquamarine
42.826207,-1.61583,es,blue
41.607568,-0.78015,es,blue
41.514936,1.826712,es,blue
42.251008,1.939885,ca,aquamarine
40.580792,-3.593641,es,blue
42.52079,-6.170365,es,blue
39.283722,-2.6041,en,yellow
37.582089,-5.620597,es,blue
42.010552,2.22924,ca,aquamarine
41.841107,3.096196,es,blue
41.549118,-1.339483,es,blue
37.348828,-6.048801,es,blue
38.185068,-5.305003,es,blue
38.753318,-6.357858,es,blue
38.926375,1.283573,es,blue
39.722057,-0.277745,ca,aquamarine
40.592038,-3.294308,es,blue
40.133132,-4.168056,es,blue
41.733999,1.765737,fr,magenta
41.575474,2.37561,es,blue
28.008584,-16.641266,en,yellow
36.893212,-5.67948,es,blue
39.725034,2.615673,ca,aquamarine
40.935047,0.774798,ca,aquamarine
43.48611,-7.750068,es,blue
41.998818,2.799222,ca,aquamarine
42.318121,-8.752745,en,yellow
41.730138,2.614796,ca,aquamarine
38.645364,-1.541757,es,blue
42.422067,-7.731217,es,blue
41.772808,2.750853,ca,aquamarine
37.373814,-2.343879,es,blue
28.371098,-16.508044,es,blue
37.089661,-6.896989,en,yellow
43.174838,-2.525455,es,blue
36.686186,-4.778948,es,blue
37.072856,-4.731876,es,blue
41.355154,1.996917,es,blue
36.58974,-4.832718,es,blue
40.097464,-0.679429,es,blue
39.127557,-4.174392,pt,black
41.129766,1.143981,es,blue
42.053425,2.780927,en,yellow
42.429779,-3.531629,pt,black
41.460653,2.260015,ca,aquamarine
37.355504,-6.604428,es,blue
41.958189,2.754067,es,blue
41.065921,1.093585,es,blue
36.794541,-5.525189,en,yellow
39.649197,2.647391,es,blue
41.635333,2.230713,es,blue
39.511004,-0.449657,pt,black
39.404216,-2.147668,es,blue
41.132369,1.361148,ca,aquamarine
39.542557,-0.554434,en,yellow
42.062238,0.131599,fr,magenta
41.430667,1.637545,es,blue
41.801722,1.911332,es,blue
36.693395,-4.327729,es,blue
43.437479,-5.216573,es,blue
38.544261,-6.880212,es,blue
40.508581,-3.483236,it,green
37.944431,-1.834427,es,blue
37.238444,-3.250273,es,blue
43.064509,-2.34187,es,blue
41.78517,2.608005,es,blue
40.733308,0.234083,es,blue
41.506998,1.936785,ca,aquamarine
39.544986,-0.332575,en,yellow
41.341693,0.360174,ca,aquamarine
37.106508,-3.7575,ca,aquamarine
36.128275,-6.053662,es,blue
42.191912,-2.930881,es,blue
28.270926,-16.795309,es,blue
42.634837,-3.495929,ca,aquamarine
40.64641,-2.723275,es,blue
38.961844,-0.165908,es,blue
37.139808,-3.564333,es,blue
37.621101,-6.795399,es,blue
38.068059,-1.278104,es,blue
37.210149,-3.625588,es,blue
39.172747,-3.185065,es,blue
38.857496,-0.163898,es,blue
36.803985,-3.489228,en,yellow
40.052898,-3.878336,es,blue
42.714016,-8.683636,es,blue
38.097909,-0.780536,en,yellow
37.629633,-1.340574,en,yellow
43.491527,-6.369096,fr,magenta
38.701063,-5.829869,en,yellow
38.039689,-1.105192,ca,aquamarine
41.607201,-1.692137,es,blue
42.53799,-2.912466,es,blue
42.839901,-5.219454,es,blue
38.007412,-6.622589,es,blue
39.913482,-2.687335,it,green
37.247469,-5.869097,es,blue
39.197453,-0.403857,es,blue
36.845896,-4.184048,es,blue
41.218715,1.722105,es,blue
42.071837,-8.453456,es,blue
42.106202,2.747172,ca,aquamarine
43.285462,-2.99291,es,blue
42.316293,-1.898572,ca,aquamarine
39.721546,-3.818562,es,blue
39.693691,2.824775,es,blue
40.46013,-2.826164,es,blue
39.90354,-6.774889,es,blue
41.000361,0.527123,es,blue
37.4407,-6.040593,es,blue
42.13245,-8.277994,es,blue
39.738257,-0.894592,es,blue
38.910712,-4.060167,es,blue
42.186292,1.796541,ca,aquamarine
37.1963,-6.742793,es,blue
39.521927,-0.429182,es,blue
39.299163,-3.84486,en,yellow
37.721463,-1.566486,ca,aquamarine
41.365487,1.874148,es,blue
36.97689,-3.312308,es,blue
38.308679,-1.876376,es,blue
41.506641,2.032701,es,blue
43.273882,-3.075366,es,blue
40.330512,-0.65077,es,blue
42.194977,0.848052,es,blue
43.217307,-8.991287,es,blue
42.509035,-4.916903,es,blue
36.818537,-2.775828,es,blue
39.458742,-6.570388,es,blue
37.193182,-4.735259,es,blue
41.53042,2.356284,es,blue
42.849078,-8.91913,es,blue
41.242068,-1.944729,en,yellow
38.113935,-1.212835,es,blue
